{
  "model": "DiffLense-CMS",
  "psnr": 14.580528628823402,
  "ssim": 0.0010237762471660972
}