{
  "model": "VAR-CMS",
  "psnr": 42.980681469622766,
  "ssim": 0.9651476144790649
}